specie,major_axis,minor_axis,area,perimeter,roundness,aspect_ratio,rgb_mean,rgb_variance,rgb_skewness,rgb_kurtosis,rgb_entropy
arborio,70.68390655517578,138.3492889404297,7436.0,360.67618668079376,0.7183139593811758,0.5109090700539184,77.6980684811238,11337.0759137407,0.71996904935334,-1.4512616596384085,9.045736976236105
arborio,72.12248992919922,137.61209106445312,7625.5,375.74725461006165,0.6787136087359716,0.524099949149231,76.40389898094816,10338.872753960555,0.6634114931598624,-1.5213470123441661,9.074005024669992
arborio,68.58692932128906,142.85055541992188,7464.5,372.09039986133575,0.6775067963275971,0.48013064506239894,71.44380763595622,9695.130062275155,0.7378460016218256,-1.4222849575675507,9.061454402849074
arborio,66.3578109741211,118.03169250488281,6005.5,328.1492758989334,0.7008355684097157,0.562203333408745,68.4029116759178,10161.661354848658,0.881597132128319,-1.1936233625043358,8.856184391713402
arborio,75.47754669189453,131.8145294189453,7480.0,356.93607211112976,0.7377862915829994,0.5726041508823713,79.28769505331076,10994.320425625765,0.6441475015818762,-1.5502119245873536,9.046470706908622
arborio,73.22173309326172,143.9636993408203,8159.5,378.9777019023895,0.7139143226710419,0.5086124726478184,78.82539206444426,10548.063650384038,0.6189477844635431,-1.5710606154368505,9.131057081538192
arborio,68.23302459716797,136.55113220214844,7308.5,373.60511922836304,0.6579796750696854,0.49968845733301376,75.01474147414741,10763.23080579125,0.7473790175557595,-1.396268411931981,9.034108419623134
arborio,70.7952651977539,148.719482421875,8217.5,401.34523379802704,0.6410816662979595,0.4760322188113042,81.77691020635805,11171.904669143809,0.6038389882681084,-1.587971236274202,9.138928270963607
arborio,80.13970947265625,155.3268280029297,9614.0,418.6761865615845,0.6892193504875882,0.5159424840063347,95.9598844407759,12918.11419759292,0.408983371376978,-1.7966749092929672,9.27023937505751
arborio,71.39289093017578,130.81211853027344,6994.5,347.17871260643005,0.7292230062474747,0.5457666440411142,69.27629159772017,9092.373148152516,0.7377363281957338,-1.4164623900567226,8.999545493790647
arborio,71.21365356445312,144.27841186523438,7842.0,382.4751763343811,0.6736436106116717,0.49358495594594853,76.502407566638,10452.971748287888,0.6755542424662394,-1.4975078496649483,9.099210700372042
arborio,71.37066650390625,145.00746154785156,8130.0,391.0193326473236,0.66819611965555,0.49218616574674934,83.40164573408401,11710.152409591255,0.6033906989464403,-1.5998648065228773,9.122779220912879
arborio,70.15123748779297,138.3250274658203,7573.0,361.220342874527,0.7293456881815813,0.5071478298106763,82.47612672913878,12245.256212753238,0.6732909522915826,-1.511895468505384,9.052725835351282
arborio,45.38777160644531,130.6746826171875,4485.0,309.82337474823,0.5871430858660832,0.3473340871958277,48.58864884281829,6893.702499570177,1.2465231705153828,-0.40148492538045666,8.627727817011388
arborio,70.22291564941406,143.0537109375,7545.0,375.7888835668564,0.671399866361956,0.4908849633414569,77.38125406812757,11171.731842124427,0.718245725181716,-1.443208751124697,9.06226333513785
arborio,76.11448669433594,142.1981964111328,8351.0,404.13203036785126,0.6425424163656472,0.5352704085941337,78.99114559176962,10481.847625777893,0.6283793041811911,-1.52502663076977,9.156850561512725
arborio,64.027587890625,134.6531982421875,6562.0,347.84776067733765,0.6815028342677344,0.47549994152730674,70.79056790567905,10810.987908515572,0.869916328653679,-1.2223255362601768,8.9376570816826
arborio,68.8338394165039,139.7613067626953,7431.5,373.9482649564743,0.6678259661215789,0.4925099872840974,71.10588390617436,9375.280431427265,0.7125950158603407,-1.456169049099011,9.055093756604553
arborio,70.96075439453125,152.13665771484375,8137.5,393.00208735466003,0.6620810404798875,0.46642772005374294,72.48611574382922,9240.37897667373,0.6646475814164413,-1.505479729930625,9.141504978996219
arborio,70.10752868652344,129.68597412109375,7009.5,366.9188266992569,0.6542698564490443,0.5405945335388452,69.66198399709037,9249.1326537106,0.7468935949841703,-1.3993344145129034,9.007245511461383
arborio,67.29886627197266,132.30801391601562,6942.0,377.30360317230225,0.6127912678606284,0.5086529854094217,63.77932369760007,7876.77659802071,0.7728350599412861,-1.3548096177617877,9.012320363925435
arborio,69.89965057373047,140.10842895507812,7514.0,377.56348943710327,0.6623706378101546,0.49889682651528305,75.27190441708906,9937.615695069793,0.6556027835921355,-1.524900042326771,9.0588521116415
arborio,68.37686920166016,139.90432739257812,7307.0,368.6761865615845,0.6755520217050082,0.48874020179369754,68.27678847598428,8760.140082054986,0.7360170010076402,-1.4119844113573856,9.046428297376188
arborio,71.9113998413086,149.1444549560547,8156.5,394.91882717609406,0.6572007151909495,0.4821593928014101,81.47706774951912,11282.147657484405,0.6205516278834331,-1.5688067660451726,9.132209301441836
arborio,69.24848175048828,140.17498779296875,7574.5,379.68837904930115,0.660251237347187,0.494014537406379,72.19726932393746,9386.893170257568,0.6911818163233725,-1.4687513540458523,9.073228875481787
arborio,60.1328239440918,138.56820678710938,6545.5,343.17871272563934,0.6984125094207505,0.4339583035557172,73.90195992458456,10254.464803893165,0.8332956617554892,-1.187519743293344,9.075924201245506
arborio,71.75052642822266,144.84600830078125,8063.5,386.9188269376755,0.6768520202051644,0.49535729199543055,79.17395420898606,10719.220729776522,0.6247916380221267,-1.5701928148487283,9.122510657632363
arborio,65.86705780029297,128.6959228515625,6503.0,328.4507921934128,0.7575006165570201,0.5118037645704118,66.87398843930636,9381.43138120218,0.8436134359241512,-1.2591756077555052,8.930480827059203
arborio,57.86632537841797,136.10690307617188,6139.0,356.81832230091095,0.6059170921788405,0.42515349383883366,59.02381391064026,7771.333979189692,0.9245909054147416,-1.1110871821538344,8.903631869135685
arborio,61.08393096923828,145.27755737304688,6848.5,367.88939011096954,0.6358736053416024,0.4204636426560066,70.05938523099309,9692.001384271021,0.7896184373322929,-1.3256994940116897,8.986232188654107
arborio,61.391815185546875,107.4180679321289,5077.0,291.8477602005005,0.7490387715789258,0.5715222435795132,54.1148315736551,7582.683646288877,1.097208119677027,-0.7638349863868954,8.723953131685976
arborio,68.67430114746094,140.26979064941406,7377.5,369.68838012218475,0.6783400853487161,0.489587250608389,70.45773420479303,9474.109651511051,0.7497365567165292,-1.393758194706206,9.049413980682871
arborio,63.70098114013672,109.68031311035156,5411.0,318.7350620031357,0.6693106227764458,0.5807877396925908,62.36445410962289,9447.338531873456,1.020236875189235,-0.9130442693791219,8.774350906592458
arborio,68.5605697631836,123.93231201171875,6549.5,351.119837641716,0.6675860860551476,0.5532098017884204,73.49380943836354,11783.90983966008,0.8844358348960567,-1.1852136959796222,8.931514766665583
arborio,69.485595703125,134.9290008544922,7472.0,362.877197265625,0.713062126735896,0.5149789538429804,75.04319240649627,10617.853056695812,0.7258027794804898,-1.4415904671796178,9.053155293697284
arborio,70.45565795898438,144.82461547851562,7957.0,394.47517597675323,0.6425691409019333,0.4864895220069567,77.595511505043,10255.635891306061,0.6238476974341672,-1.5659752761942516,9.1114176719586
arborio,55.76195526123047,113.42935943603516,4938.5,308.1492750644684,0.6535557220769997,0.4916007243492866,55.62151394422311,8263.959577495152,1.136759696381297,-0.6591266219196803,8.697935770625941
arborio,78.20086669921875,135.78578186035156,8102.0,374.0487701892853,0.7276887159228759,0.5759135133871687,75.02974056106306,9844.335120561249,0.6491968774683285,-1.5381028664199259,9.130029938197906
arborio,69.768310546875,138.59153747558594,7320.5,365.4041076898575,0.6889754682881708,0.5034096007425076,71.25874521406196,9745.697104168641,0.7522725550684346,-1.3987503606317373,9.046607650596988
arborio,68.27928924560547,134.5947723388672,6952.0,379.7888847589493,0.6056686952559492,0.5072952541849081,63.09697023862722,7802.151737178577,0.7894536643080555,-1.320525909397235,9.013212286061773
arborio,69.62281036376953,117.28275299072266,5947.5,321.722869515419,0.7220719051449422,0.5936321290929866,68.07070658219277,10391.469198963916,0.9214990628994597,-1.1099950119503563,8.842563315712672
arborio,68.65058898925781,137.25770568847656,7171.5,369.2030973434448,0.6611335480295102,0.5001583601074381,74.88803541205573,11240.559004095086,0.8020414517090867,-1.3086589658951004,9.020279271234195
arborio,67.77449035644531,146.78602600097656,7750.5,384.776692032814,0.6578427175760044,0.4617230413744862,74.3052306622027,9785.792046643392,0.6644058079210472,-1.520315349352101,9.0930256513951
arborio,76.24205017089844,143.76419067382812,8449.0,385.78888499736786,0.7133714956799068,0.5303271267590984,85.91062225015713,12361.361339084835,0.5968645224976983,-1.6093849957893749,9.157755937634622
arborio,61.50887680053711,133.29673767089844,6431.0,346.6761876344681,0.6724195776891486,0.46144322715833297,68.17275487670224,9953.679899955741,0.8725984372416578,-1.2012293947899613,8.923633841386648
arborio,66.63917541503906,128.14813232421875,6473.0,334.81832242012024,0.7255996071112218,0.5200167509772197,67.70061950080805,10093.296302363571,0.9075282936416329,-1.1292217971467124,8.93048174400672
arborio,65.35589599609375,146.17523193359375,7356.0,381.9898954629898,0.6335017730018196,0.44710649767112676,74.96669717972189,10755.741186375713,0.749032627619493,-1.3942813720237295,9.04407703507045
arborio,78.52405548095703,143.06617736816406,8500.5,389.6051186323166,0.703728318545682,0.5488652658893972,78.98366675107623,10123.671337850625,0.5708843989694126,-1.630583890067528,9.17209419256029
arborio,72.12300109863281,128.79830932617188,7175.5,351.06096279621124,0.731639178899278,0.5599685389967878,74.26555979358312,10558.454764062892,0.7442142219030572,-1.4116462035971133,9.014645321074504
arborio,60.17060470581055,132.9009246826172,6206.0,371.78888463974,0.5641944792502762,0.45274782586731377,61.62795861482496,8033.101770401651,0.8723778888659616,-1.1865435254852208,8.911266812861477
arborio,66.84806060791016,145.8875732421875,7463.5,371.17871272563934,0.6807478504003134,0.45821627656343217,74.42796723354999,10182.449512553818,0.718967927237573,-1.4078330982015126,9.048679125060035
arborio,68.44424438476562,139.77134704589844,7386.0,393.6467489004135,0.5989710461014803,0.48968723441071044,72.7769562538509,9877.74578004993,0.7344505636956331,-1.3952686510277472,9.053393092869872
arborio,59.82048797607422,131.935546875,6027.0,341.5634890794754,0.6491845463424529,0.45340690506062087,66.22642489493319,9847.899480220465,0.9220792798447893,-1.1175682810941159,8.867288148937217
arborio,67.0360336303711,127.91354370117188,6641.5,341.3208477497101,0.7163914759863236,0.5240729925126525,71.56994867448321,10165.108788493857,0.7854942330713348,-1.3469896210553074,8.945356485393221
arborio,70.3848648071289,137.29837036132812,7414.0,370.8771975040436,0.6773329147883884,0.5126416622564205,77.51348450288475,11024.112692178647,0.6991740983048685,-1.4730562248374384,9.042141983758698
arborio,60.77128219604492,131.00868225097656,6001.5,330.2081506252289,0.6916622875649722,0.4638721735985702,65.27313090804927,9559.191846561398,0.9161822207297585,-1.1366367903954855,8.856026727176435
arborio,70.64271545410156,145.54820251464844,7799.0,401.4457392692566,0.6081281098982793,0.4853561516638576,82.88515590689504,11996.388699283996,0.647946915729892,-1.5355778997302605,9.088261725527826
arborio,69.12458801269531,144.53851318359375,7769.5,374.7766933441162,0.6951167998697633,0.4782433864176589,78.19267688832906,10943.935772285251,0.669850840803918,-1.5166691388181477,9.085434307208315
arborio,69.84711456298828,139.44261169433594,7510.5,364.0904006958008,0.7119676433637873,0.5009022257564717,75.16627543035993,10655.931359610455,0.731838608861387,-1.4202471372150647,9.054851203526779
arborio,66.3171615600586,131.7112579345703,6608.0,347.220343708992,0.6887626257862199,0.5035041240969903,68.07283593239332,9445.013090668852,0.8354119277221551,-1.2249011686674456,8.942205758336403
arborio,53.927059173583984,137.9368438720703,5836.0,356.6761863231659,0.5764702751409161,0.39095471274954424,61.193100143747,8471.843114826099,0.9412197954948442,-1.0710289652999583,8.853350340313334
arborio,73.1360855102539,136.5981903076172,7606.5,368.7178165912628,0.7030828213960019,0.535410354599519,72.48091026267834,9352.026425661488,0.6724771910343973,-1.5049381246612976,9.0701273435641
arborio,64.42610168457031,121.95301818847656,6016.5,323.17871260643005,0.7238828571619442,0.5282862420428229,64.33101862937599,9189.16843059402,0.9119749007980305,-1.1318713375660325,8.862087816423243
arborio,66.69229125976562,136.9718780517578,7098.0,364.5340505838394,0.6712273689758969,0.48690499253112735,79.97024286724829,11575.142005340687,0.6812396476323025,-1.5000737349219424,8.995581382801413
arborio,73.30904388427734,145.78746032714844,8219.5,390.9188278913498,0.6758994420650641,0.5028487616134554,77.81556087120735,10512.315850015902,0.642260827479945,-1.5418060160389953,9.13863771717197
arborio,66.49356079101562,138.62384033203125,7145.0,358.87719798088074,0.697140584735985,0.47966901387056166,76.77643067179372,11272.101475701425,0.7462387468224863,-1.3939672281207491,9.005246528765884
arborio,74.21361541748047,148.76171875,8362.0,417.5878738164902,0.6025932596370852,0.49887575944318985,77.47898387231554,10067.269613474045,0.6044533272959041,-1.5998310656687493,9.16469802571681
arborio,77.87174987792969,150.2057647705078,8902.0,402.7594463825226,0.6896138633083263,0.5184338297328748,82.84322820037106,11219.777995806035,0.5750846135001128,-1.6312271917765688,9.211953340934915
arborio,71.91140747070312,143.21510314941406,7862.5,375.9482649564743,0.6990598392552178,0.5021216749442905,80.61527649668379,11289.496253649337,0.6407317797079338,-1.5488668602267865,9.091750487616057
arborio,67.75423431396484,142.6824188232422,7316.5,377.6051199436188,0.6448185051145673,0.47486042690305197,75.14405139035551,10750.029319594683,0.737699816561015,-1.4198661848054448,9.036411798944743
arborio,70.53489685058594,145.0354766845703,7846.5,380.85995185375214,0.6797594075912564,0.4863285760351477,78.17125026899075,10947.063034008164,0.6800910353501709,-1.4861508679052373,9.095841796487534
arborio,65.92813873291016,135.29307556152344,6833.5,369.5462431907654,0.6288042662260703,0.4872986918161223,66.38267807791745,8937.416765119957,0.8171382140833282,-1.2924283493759545,8.99148027773821
arborio,70.32451629638672,140.4613800048828,7647.5,369.8061294555664,0.7027180989994243,0.5006679864169216,78.25389645288428,10643.047548414932,0.6373796267095452,-1.5630599910254366,9.072529515974473
arborio,66.66883087158203,126.27603912353516,6481.0,345.5634881258011,0.6820185502474427,0.527961055274788,67.56006744414782,9434.680282586429,0.8361696481448442,-1.25450508926548,8.92819726199852
arborio,75.21636199951172,146.4244384765625,8184.0,379.90663516521454,0.7125604726145395,0.5136872149354444,81.64408484950113,11699.6228842279,0.6497151247370464,-1.537059624052764,9.131263515083829
arborio,68.18424987792969,135.28341674804688,7144.0,367.7056243419647,0.6639735272699028,0.5040104065741974,76.37677349168216,11053.461414203215,0.7300979634457319,-1.4355804698588477,9.00891671986474
arborio,76.20142364501953,140.79568481445312,8288.5,379.9482650756836,0.7215008952189438,0.5412198800370991,82.52717944369064,11520.312524507148,0.6162836511768971,-1.5707992244295512,9.142524617041403
arborio,72.40577697753906,134.7762908935547,7537.0,370.3330409526825,0.6905950428288404,0.5372293338649942,72.56740837696336,9650.26264633759,0.7055219616360803,-1.4560799096445047,9.071073190903173
arborio,69.65841674804688,138.09291076660156,7493.0,364.3919162750244,0.709133706481378,0.504431519050101,74.29140994731672,10001.585095422533,0.6936851481570389,-1.4678503356015957,9.05396848575521
arborio,75.63867950439453,130.06085205078125,7559.5,357.6051182746887,0.7428403453877018,0.5815637704331046,74.82118681318681,10229.918619250813,0.6926346014402143,-1.488579822532116,9.062971387700637
arborio,64.85055541992188,139.7021942138672,6944.5,363.9482650756836,0.6588272279492001,0.46420570403241845,64.81699972625239,8069.047585815402,0.7626366948092811,-1.3660473464953768,9.002842541528622
arborio,69.7747802734375,140.9302215576172,7626.5,376.23253524303436,0.6770526472087457,0.4951016148435638,73.68572762778061,10263.579234234523,0.7337558759741295,-1.4232854615412658,9.078218873651853
arborio,68.92115020751953,132.3785400390625,6758.5,346.6934311389923,0.706592390353769,0.5206368810774175,71.69387378237386,10340.821987768382,0.8076920051557381,-1.2943983738545308,8.957704481033058
arborio,68.41744995117188,143.6529083251953,7638.0,378.61731219291687,0.669558583415584,0.4762691598021209,74.15384615384616,9945.857779838645,0.6846041222967902,-1.4962825757823015,9.076004018123854
arborio,53.009708404541016,126.25019073486328,4911.0,315.7644990682602,0.6189466197673081,0.4198782441118537,57.27091020910209,8635.183885231381,1.10968714120959,-0.7385695500960612,8.688779368593732
arborio,70.48383331298828,135.3088836669922,7358.5,376.9188266992569,0.6508838520469858,0.5209106113568683,75.03640449438203,10320.929101679081,0.6987482550834608,-1.4765454655110637,9.039444070674747
arborio,65.33665466308594,113.50172424316406,5810.5,323.6051186323166,0.6972565530904805,0.5756446001041347,57.70539973287541,7635.985429724778,0.9583285533236973,-1.043030337650724,8.852415656857605
arborio,72.25118255615234,141.27944946289062,7894.5,374.2914105653763,0.7081328987021858,0.5114061728781744,78.0346316569983,10594.590243052486,0.6412776915278143,-1.5508946462176385,9.098510023415988
arborio,65.81019592285156,118.74559783935547,5940.0,322.7350618839264,0.7166448919872973,0.5542116686454569,64.04293144208037,9420.884587151328,0.9504815405722106,-1.0605554463200053,8.85328531166331
arborio,62.58259582519531,127.58869934082031,6270.5,339.11983728408813,0.6851815274716271,0.4905026553960084,63.11000650376289,8640.502717857431,0.8873614131547121,-1.1805006757406453,8.908847838560915
arborio,70.25324249267578,141.58372497558594,7573.5,364.0071395635605,0.7182682838604373,0.49619574922746196,83.19798596555181,12049.42234352409,0.6359422213139352,-1.5627345161641624,9.051456901046347
arborio,73.64056396484375,139.5687255859375,7908.5,372.63455641269684,0.7157110611470281,0.5276294073452766,76.11180232305216,10036.259654066636,0.6427627989546174,-1.5410019741970622,9.105478111038366
arborio,67.20542907714844,135.4644317626953,6941.5,357.6639940738678,0.681887529275392,0.49611125372657205,68.9626746779553,9291.148408814053,0.7696295821599326,-1.3700862904067548,8.99027073448308
arborio,68.29503631591797,139.82334899902344,7455.5,373.948264837265,0.6699827078778016,0.48843799554818956,71.47416644319298,9231.34050988666,0.6882885470594965,-1.4858310604277758,9.056071511660962
arborio,70.15264892578125,126.4822998046875,6778.0,350.8183208703995,0.6920650180399338,0.5546440018414447,68.02083813563229,9161.054934358153,0.7844420619445306,-1.3522673828540446,8.970628991971404
arborio,70.4063720703125,129.4853515625,7004.0,349.0782072544098,0.7222882128794269,0.5437400541506716,76.50213714077846,11432.349213330046,0.7610059923514217,-1.39056998428408,8.986012735180227
arborio,74.52127838134766,149.9562225341797,8515.5,395.40410900115967,0.6844435907044862,0.49695355832507676,87.3403032109701,12316.530348225926,0.5609637897887185,-1.6442419403719561,9.162933911407077
arborio,69.61823272705078,139.51687622070312,7505.5,374.77669179439545,0.6714974174102939,0.4989950650623872,73.21785200366284,9967.109563135642,0.7191877924530955,-1.4370970947219444,9.062125191933166
arborio,77.22079467773438,141.6240692138672,8434.5,378.6345566511154,0.7393136260946427,0.5452519130849354,85.02665222101842,11508.92561685305,0.5423080161034705,-1.6744818142864555,9.153926387212527
arborio,71.4845962524414,151.78660583496094,8108.0,396.617311000824,0.647709508331264,0.4709545737531499,80.84766207562066,10763.968678409889,0.5910785580138349,-1.6002774568129887,9.126175713282752
basmati,1.86061429977417,24.123435974121094,9.5,57.49747312068939,0.03611070368414202,0.07712890907291074,71.57683323600567,9880.342202935653,0.8892697736358871,-1.0840367558179032,9.118474897174309
basmati,44.59242248535156,227.0006103515625,7382.5,472.0315252542496,0.41636221530179107,0.19644186161565808,72.46202778138388,9958.505427728513,0.7395444314589604,-1.4174480521201902,9.059167894788112
basmati,44.75807571411133,235.49533081054688,7942.5,491.3696175813675,0.4133809778629711,0.19005929145201886,75.80292125317527,10197.392870382451,0.667578607605017,-1.5166893285550829,9.11983731246896
basmati,50.308380126953125,221.3754119873047,8542.0,492.13203036785126,0.44320654705369245,0.22725369396416156,93.31479447038359,12258.79392833595,0.4110252330738616,-1.8070696345724218,9.166251623286028
basmati,41.568878173828125,235.47634887695312,7157.0,472.13203144073486,0.40347250958755465,0.1765310120191719,80.93758622330051,11368.14976038842,0.6332606677928093,-1.5752075399932672,9.012092836313007
basmati,48.77202606201172,197.46803283691406,7335.0,452.90158236026764,0.4493681692195983,0.2469869444756753,74.00205955547928,10692.06650223725,0.7654685980441464,-1.3861212820584237,9.04812508866398
basmati,46.72821044921875,205.4090118408203,7098.5,435.74725437164307,0.4697936389139544,0.22748860933828122,74.14413276417807,11036.859049772775,0.794306807913307,-1.3388265345880876,9.014744529794847
basmati,51.41527557373047,179.81166076660156,7113.5,417.26197361946106,0.513423312134977,0.2859396067781629,80.69900075414782,11647.533928111612,0.6685784930710724,-1.5214808531811963,9.00373706940561
basmati,41.658199310302734,224.7682342529297,7096.0,475.2203435897827,0.3948511642421951,0.1853384640795155,81.22019117067403,10983.314986482965,0.5939271792025637,-1.6117555045971232,9.00130656896829
basmati,42.66029357910156,181.9586181640625,5930.0,398.1076453924179,0.4701793176672033,0.23445052512234965,62.164617142857146,9222.548489767707,0.993148898051174,-0.9793364067726222,8.862691001465478
basmati,44.3338508605957,224.73956298828125,7385.0,471.55338501930237,0.4173482820665523,0.1972676740628326,79.06204346649834,11324.952593930477,0.6834631760071808,-1.5030841109265565,9.041624208627148
basmati,38.554988861083984,192.48524475097656,5648.0,410.3919162750244,0.42141205676381005,0.20030100962265254,61.91015013355439,9666.598125767274,1.0611138596051297,-0.8352595974957082,8.821360189874841
basmati,41.75020980834961,189.04049682617188,5949.5,419.06096255779266,0.42573163285875804,0.2208532590069318,66.22380132070055,9744.418426702223,0.9171175765259205,-1.1201532852693665,8.862967782857934
basmati,48.63115310668945,195.55186462402344,7352.5,436.14927542209625,0.48570725052588815,0.24868672666553107,73.93622275204359,10826.812775105695,0.7812212304849827,-1.3508686000889392,9.045503757954792
basmati,51.2979850769043,182.29653930664062,7098.5,421.8650052547455,0.5012212191705968,0.28139856780613953,78.29413146642861,11098.793813702025,0.6816435693484171,-1.4965557340746027,8.998830921736351
basmati,50.44974136352539,205.331787109375,7818.0,454.81832230091095,0.47493002489469255,0.24569864254214133,75.86686241610738,10601.939824719328,0.703342670780261,-1.47140600338831,9.105288289277457
basmati,47.69873809814453,207.89659118652344,7694.0,468.5340517759323,0.44043287322686864,0.22943492159209836,77.3092297899427,11068.3531356894,0.7079372483688372,-1.4656548101832816,9.08948685304947
basmati,47.07086181640625,206.820068359375,7287.0,444.3086556196213,0.46386230938184164,0.22759329976922213,73.92040383032193,10692.823206457659,0.7583685786831486,-1.400878609076887,9.032828042017506
basmati,48.186798095703125,200.84918212890625,7040.0,427.5289989709854,0.4840066930567146,0.23991533141905722,71.54275029016034,10616.411006097083,0.834166481096822,-1.271744412419261,9.010380622889894
basmati,43.182029724121094,201.6718292236328,6787.0,451.2203427553177,0.41890001029631907,0.21412028586420354,69.03603524997818,10082.441071236522,0.8523690804240144,-1.2473930926622472,8.982997403999821
basmati,47.534095764160156,208.02149963378906,7264.5,442.39905405044556,0.46643079155949035,0.22850568738251306,74.78078144293526,10682.742602952583,0.7484565310573011,-1.3982532463844963,9.034861763689953
basmati,48.6251106262207,206.493408203125,7656.5,464.71781635284424,0.4455141531534654,0.23548020757344848,83.50257672129625,11352.335326941455,0.5717145344380623,-1.6392004648498155,9.074657740233512
basmati,50.38487243652344,228.69483947753906,8665.0,494.3330409526825,0.44559381309990276,0.22031486391048152,80.01602425292334,11151.33038616202,0.6392910219447201,-1.5599336535549253,9.199691348346843
basmati,51.432350158691406,237.87208557128906,9191.0,517.5878739356995,0.43112622749676366,0.2162185194415231,96.39365251104499,11841.500253641401,0.31255859176021655,-1.8723354428927759,9.235325914297553
basmati,39.362159729003906,192.23475646972656,5849.5,423.1787132024765,0.4104695848094343,0.2047608895075263,67.513428514377,9759.251816480115,0.8681120115980818,-1.216913674734918,8.841174524838685
basmati,41.98307800292969,202.5291748046875,6336.0,443.90663492679596,0.40405618585857833,0.2072939765019869,68.3172620646432,10492.884616516601,0.9185599583726887,-1.129987895379649,8.917784288889502
basmati,55.47035217285156,186.4837646484375,7914.0,434.41630029678345,0.5269794558941351,0.2974540560001309,78.62278470096157,10768.174555670907,0.6458895469905745,-1.5435751842960501,9.1107901165786
basmati,49.40541076660156,198.82913208007812,7377.5,445.379723072052,0.4673671679424502,0.24848175038406148,74.84111619795073,10692.69496522456,0.741391464068163,-1.4052948403161596,9.042996520985477
basmati,41.903072357177734,196.83636474609375,6323.5,435.97264885902405,0.41806989792372656,0.21288277911060796,69.0208559943249,9885.281428352164,0.8386123298196596,-1.2660153473758091,8.917183296245069
basmati,48.60979080200195,236.7923583984375,8598.5,512.2325356006622,0.41181128088916596,0.20528445736500048,97.69342410060038,12561.318624086058,0.3410147847088251,-1.8599263083013176,9.169270946942872
basmati,52.723594665527344,212.54696655273438,8547.0,479.24472856521606,0.46763701409673086,0.2480562085671839,91.52159635119726,11921.693456060557,0.4303509272006599,-1.777401695004669,9.166083593238154
basmati,42.537532806396484,195.759521484375,6443.0,444.90158224105835,0.4090440642059762,0.2172948344164793,68.31904565645465,9936.162577685189,0.8693120728481665,-1.2024000541019788,8.933048104162603
basmati,48.0281867980957,221.0620574951172,7829.5,475.688379406929,0.43480928361111704,0.21726110460704703,83.8922547971937,11066.422763502984,0.5382522048433488,-1.670260000945394,9.094232980826527
basmati,44.28617477416992,214.85906982421875,7026.5,460.0559096336365,0.4171840414903558,0.20611731592434743,76.976682878051,11359.697788205829,0.7450391450767886,-1.4141150975474976,8.999695644403237
basmati,47.52172088623047,218.08909606933594,7580.0,464.3330408334732,0.4417940813550595,0.21790048994986036,81.53342725991911,11370.861344555304,0.6183785687525825,-1.5913852107016644,9.065955899159098
basmati,46.76259231567383,185.25082397460938,6554.5,415.2030973434448,0.47778032617003635,0.2524285253494103,72.62603572086172,10966.213492643908,0.8352697770515629,-1.2706231325565616,8.938849575494249
basmati,44.88438034057617,211.4556121826172,6906.5,445.06096291542053,0.43815611153057826,0.2122638405161512,77.75410143433018,11394.347427398729,0.7253919854256636,-1.4430343608592715,8.978422540387594
basmati,51.9225959777832,220.30441284179688,8631.5,485.60511922836304,0.4599701259061854,0.23568568286042194,92.47897046722136,11884.50611805865,0.3993806507832097,-1.80875302639728,9.17460829215496
basmati,56.08665084838867,214.16465759277344,9053.0,527.528998374939,0.4087988906873883,0.2618856513432551,89.68512467755804,11433.29294295522,0.4275862748419286,-1.7842220446464503,9.22628640913453
basmati,45.18674850463867,227.1375732421875,7784.5,485.26197350025177,0.4154206364750568,0.19893999860805897,75.6852675786935,10684.253764826111,0.7157963745007092,-1.456988297516648,9.10628598181564
basmati,48.528175354003906,193.21800231933594,6994.0,438.5584360361099,0.45696249091224234,0.2511576290588092,73.05271464646465,10286.330960343534,0.7552678980732439,-1.3958209083469906,9.006960880429707
basmati,48.64033508300781,210.08924865722656,7589.0,448.84270632267,0.4733758219642104,0.23152224777750283,78.73906567366284,10649.441595064747,0.6301123758784424,-1.5698903806398847,9.073621417541327
basmati,47.989986419677734,210.92930603027344,7503.0,473.58787393569946,0.4203815650453334,0.22751692177278587,83.00061009949314,11325.668434018618,0.5805084676853722,-1.6306193866028902,9.057823372511153
basmati,42.487388610839844,197.96469116210938,5998.5,403.6295042037964,0.4626863830346184,0.2146210435882617,66.20949773413898,9900.463757980357,0.9367019847291669,-1.0812905224422211,8.866683965046152
basmati,55.363643646240234,226.23184204101562,8758.0,498.308656334877,0.4432185634393612,0.2447208277436156,81.08868599927604,10978.462834226422,0.5947556258520552,-1.604728187738047,9.20101371801384
basmati,45.51184844970703,228.46156311035156,7632.0,485.78888463974,0.40639941935952884,0.19921008956646194,85.29588988353066,11238.709831023009,0.5136823648072496,-1.7059874254316334,9.067746797647057
basmati,41.20371627807617,196.17816162109375,6002.5,419.0365777015686,0.4295741746823863,0.21003212558214637,68.02061604444877,9991.478325344244,0.877963660309782,-1.191143308618025,8.858265029248592
basmati,39.59185028076172,189.21763610839844,5842.0,419.2792180776596,0.4176040896520176,0.20923974685996213,61.657369255150556,9381.360213409722,1.0296090289768656,-0.9071049122106372,8.849999014021098
basmati,49.379085540771484,212.65480041503906,7842.0,475.2792180776596,0.4362536285505575,0.2322030137311651,81.0185939667129,11536.958695526539,0.6454250365778098,-1.5540153038964308,9.096636736014359
basmati,55.01897048950195,202.43426513671875,8505.5,467.5706287622452,0.48889463124673704,0.2717868462255814,80.92057854422525,10393.064255799482,0.5485446922727536,-1.6556168154716049,9.171753639709978
basmati,46.99672317504883,213.6313018798828,7674.5,470.77669179439545,0.4351410436021289,0.2199898739627276,78.59020808896999,11145.24520756346,0.6720373728152262,-1.5231796962168231,9.07893179573693
basmati,52.858238220214844,201.0974884033203,7833.0,453.96550953388214,0.47763074472657024,0.2628488234234063,79.01623029940632,11273.664111070182,0.672272126418684,-1.5189280344306175,9.094481594807476
basmati,50.22664260864258,188.48326110839844,7167.5,426.977702498436,0.49404575676312346,0.26647800082234774,80.83551948664716,11598.522913132509,0.663167143407347,-1.519197147458732,9.007294468668457
basmati,49.234344482421875,177.3528594970703,6496.0,404.3574266433716,0.49925799955344313,0.27760671365569484,68.67025842388823,9916.006328478552,0.8509287371771918,-1.2462131102753373,8.942819563203537
basmati,46.61665725708008,210.62046813964844,7205.5,440.57568204402924,0.466479907293384,0.22133013789605516,79.77174468876389,11372.783472010688,0.6661972698713275,-1.5293054228161356,9.018580348734895
basmati,48.32721710205078,191.60096740722656,6754.5,430.9777021408081,0.45697607954617353,0.2522284608268008,74.03406671398155,10469.43910442233,0.7448667169811006,-1.404770789789266,8.963254290545732
basmati,46.69944381713867,227.78274536132812,7952.0,489.3868633508682,0.4172358534460417,0.2050174772591317,86.85573297332526,11576.77249273704,0.5086219635820057,-1.7076280011715266,9.104651721311827
basmati,50.585853576660156,195.30596923828125,7262.5,437.7228696346283,0.47631859250040215,0.25900823090022074,76.07228125409944,11273.95843802033,0.7559854433374554,-1.397101365179793,9.025804247275243
basmati,47.71733856201172,181.52752685546875,6449.0,405.8721442222595,0.4919531539294709,0.26286557960988477,68.38901436444124,10176.66861542567,0.8960218231786712,-1.1510457956481355,8.933731447763188
basmati,48.08356857299805,205.02337646484375,7289.5,446.40916073322296,0.4596649695558547,0.23452724953655782,78.6615737920045,10830.93889601875,0.6430291764913192,-1.5480855738512476,9.020391214498112
basmati,49.379085540771484,212.65480041503906,7842.0,475.2792180776596,0.4362536285505575,0.2322030137311651,81.0185939667129,11536.958695526539,0.6454250365778098,-1.5540153038964308,9.096636736014359
basmati,41.74727249145508,194.96217346191406,6366.5,435.1787129640579,0.42245000596800186,0.21413011431989612,73.92471334471823,10812.15188254164,0.7751958952006492,-1.3756441299255353,8.909590211631663
basmati,44.0428466796875,197.48660278320312,6742.0,443.3279901742935,0.4310705049397262,0.22301688346949217,68.89690631808278,10176.132291082728,0.8708817547981702,-1.2131106075761444,8.977016932201117
basmati,50.60810852050781,210.17481994628906,8149.0,466.81832218170166,0.46991401200273913,0.2407905406244235,84.21923375496598,10786.616030811561,0.5030843197357342,-1.7036216063268077,9.130025570510117
basmati,41.06218338012695,196.46871948242188,5931.5,415.8893893957138,0.43094189601771515,0.20900112490324854,71.61215348628876,10900.290375360504,0.8621297164651992,-1.2236211294525878,8.848378275758026
basmati,48.00941848754883,217.2485809326172,7564.0,445.5289993286133,0.47886095736005485,0.22098841005750758,80.20930754386752,11332.507642131466,0.6544440628237298,-1.537047587959737,9.062901135929998
basmati,42.92257308959961,244.60035705566406,7369.0,479.4701234102249,0.40280543248265654,0.17548041877891313,72.02308900301345,10154.061094163333,0.7751297644012742,-1.3608315809227025,9.059678197010205
basmati,49.08343505859375,212.40713500976562,7914.5,463.2619730234146,0.4634256230227989,0.23108185634318307,75.92363696533465,10657.65024546364,0.7077807868382072,-1.4613097290980426,9.116285605146036
basmati,46.73360061645508,197.63973999023438,6989.0,426.73506247997284,0.4822899905373775,0.2364585210381487,70.8954165389835,10225.133701795368,0.8101475393103807,-1.3082116301208921,9.002005705848582
basmati,46.179405212402344,225.125,7798.0,482.58282256126404,0.42077446495614934,0.2051278410323258,77.30333259766056,10186.713374459892,0.6299908102129196,-1.5579686443320029,9.10235807512394
basmati,47.57034683227539,203.0487518310547,7292.0,464.0142800807953,0.42559236827084745,0.23428041986614115,72.70314104758644,10424.696580342654,0.7790102367503684,-1.3608844815583427,9.045365396155871
basmati,49.22386932373047,195.2482147216797,7370.0,448.53405117988586,0.46034826882983143,0.25210919031396817,73.8193181328391,10501.018946666649,0.7546268536027595,-1.389052431418874,9.051141834984696
basmati,47.0495719909668,221.7030792236328,7763.0,477.7300091981888,0.42743925519050685,0.212218847639494,76.06272355646398,10419.462638741326,0.6783617717995598,-1.5118118479145923,9.103888996418739
basmati,48.98154830932617,224.61656188964844,7833.0,467.47012400627136,0.45043307177004405,0.21806739403922606,81.99426670751456,11649.432896360397,0.6352910615360483,-1.5670982204229098,9.09756424970998
basmati,44.154632568359375,227.7877197265625,7469.5,472.43354642391205,0.42055222888645216,0.19384114570075514,84.84719823450394,11631.512585222456,0.5541253989567319,-1.669310597658277,9.043001390541765
basmati,51.9769287109375,221.40145874023438,8788.5,505.8893897533417,0.4315324702799271,0.2347632622056069,82.74886705434129,11344.256162241596,0.5906119258365975,-1.6107922056959023,9.21012941461409
basmati,50.98573684692383,166.45582580566406,6541.5,385.14422142505646,0.554166715182718,0.30630190682811725,70.99155653450808,10564.593173935498,0.8415850275193589,-1.2667941969832743,8.937174496715599
basmati,47.95564651489258,204.89120483398438,7132.5,428.74220395088196,0.4875949198255237,0.23405419746420658,74.15768052516411,10954.551635757894,0.789959544390829,-1.3409344532300236,9.015937253104935
basmati,42.11330795288086,192.41159057617188,5755.5,409.8061295747757,0.43066147384368797,0.21887095172787446,63.532782157277445,9337.337273724705,0.9668299273008534,-1.0133569665280382,8.83389515616987
basmati,41.21976089477539,230.34214782714844,7146.0,477.41124761104584,0.3939921625123764,0.17895014561428507,78.16316776007497,10864.816394089008,0.6712744591585416,-1.510921533644201,9.01697502455094
basmati,49.783599853515625,237.6897430419922,8654.5,502.5168067216873,0.4306759928418142,0.20944782562502268,81.88530509574814,11157.069082988708,0.5912293939369476,-1.6207011673839393,9.19635618843394
basmati,41.59247589111328,236.03639221191406,6488.5,449.9726505279541,0.4027002849689887,0.17621213195705623,67.63930138747286,10080.197969563806,0.9034532789771645,-1.1497290327173044,8.943257561596294
basmati,47.268768310546875,220.22108459472656,7704.5,478.37467074394226,0.4230755920720456,0.21464233725637902,85.40078298193481,11487.512454459811,0.533307251676107,-1.68444852386232,9.076064247791399
basmati,38.861000061035156,207.52842712402344,5909.0,435.8132710456848,0.3909515615898542,0.1872562742347148,62.29789708755932,9063.582281797173,0.9880692821547449,-0.9623544327078357,8.8650627946969
basmati,45.315391540527344,207.44393920898438,6891.0,439.90663480758667,0.44747738304439344,0.21844644733088803,76.86753957221649,11882.551576695947,0.7883139952008765,-1.356714323255839,8.98131211261549
basmati,36.693538665771484,244.2025146484375,6412.5,480.6589412689209,0.34878933030579384,0.15025864380879447,74.82653411038739,10848.29431332675,0.7612403617412139,-1.3897266884674464,8.921614755775652
basmati,43.64544677734375,178.69564819335938,5838.5,399.2619733810425,0.4602515403196899,0.24424459811196278,65.77347958084418,9540.79258233968,0.9135654808805755,-1.1151811450848295,8.845773134169251
basmati,44.46275329589844,235.59030151367188,7703.5,497.20309841632843,0.39158883275397915,0.18872913277933964,88.36100151005894,11671.591486083536,0.4833782265857066,-1.7282464464658105,9.073963420278167
basmati,46.74180221557617,222.69924926757812,7592.5,471.17871272563934,0.4297573786263828,0.20988756077670856,86.3982944083729,11564.072973154527,0.5117782525104756,-1.7107189349586935,9.05734324462226
basmati,43.20461654663086,205.8903045654297,6705.5,439.9482653141022,0.43534926099061594,0.20984289006625323,67.98461130273282,9766.409420922142,0.8590793008078045,-1.219695787335559,8.971643857923405
basmati,43.339298248291016,184.5140838623047,6097.0,406.700572013855,0.4632084705342129,0.23488341562389006,63.22103129925692,9347.089807628157,0.9760549062656575,-1.0107712748806525,8.893529596615426
basmati,48.26817321777344,194.8404541015625,7003.0,435.07820761203766,0.4648997674686966,0.2477317836295597,71.02022452277988,10253.599687067921,0.8123759514685435,-1.3036716279782403,9.006029851264532
basmati,43.40330123901367,209.3294677734375,6986.0,448.39191579818726,0.43663937572717537,0.20734443984728487,69.94534673885022,10165.643399546781,0.8311307162403251,-1.285189376597323,9.00862705595378
basmati,51.88724899291992,198.64822387695312,7589.5,438.88433861732483,0.49513412844659366,0.26120167590856475,77.25576682619756,11107.843780071014,0.7144853214729853,-1.4556038373102047,9.071231261156505
basmati,43.11591720581055,193.34181213378906,6103.0,404.7594465017319,0.4681222106614734,0.22300358484265734,70.48867549347689,10619.714152273522,0.872162862510397,-1.1959970523581807,8.871490312419109
basmati,43.62068557739258,230.66090393066406,7639.5,503.5706285238266,0.37857681800325416,0.18911174297012562,87.61830607761777,11611.80368734298,0.4945390595216886,-1.7206152315687646,9.065410613502209
basmati,39.8903923034668,218.2523193359375,6386.5,456.65894174575806,0.384847658657602,0.1827719055854195,72.53448359189986,10520.510567201061,0.8009039480622668,-1.3124566168916163,8.916369798262537
basmati,51.964012145996094,212.4988555908203,8406.5,480.09039986133575,0.45833079472826177,0.2445378446934134,91.72706516279283,12268.131497715787,0.4545242971907308,-1.7555789436099674,9.150507794861927
basmati,42.71308135986328,190.562744140625,6251.0,418.877197265625,0.4476987944698161,0.22414182558340648,65.20770848573518,9422.698856087662,0.9100508806807723,-1.1400132187631482,8.910069552850917
basmati,37.534881591796875,191.2364501953125,5495.5,415.9137740135193,0.3992183262878297,0.19627472458028775,63.29300263132248,9661.432568715421,1.0155102940997176,-0.9256396302730949,8.795288695822746
jasmine,46.770816802978516,149.88880920410156,5258.0,350.19090509414673,0.5387914810390838,0.31203674944999615,57.06684311838306,8468.37815952399,1.093524745647673,-0.7825499111590282,8.760389967161876
jasmine,47.18083572387695,154.55836486816406,5535.5,364.6345566511154,0.5231799232927447,0.30526225975618654,62.09043179587831,9141.513755358203,0.9862091419409367,-1.0028920624558415,8.798191026958062
jasmine,46.1241569519043,148.14511108398438,5074.5,346.3746703863144,0.5315093023474203,0.31134444204342476,54.45039740947895,7798.012233921155,1.1140311766452367,-0.731501976247706,8.737385874982996
jasmine,49.821372985839844,144.79396057128906,5343.5,346.0660148859024,0.5606834977952165,0.34408460676997904,60.034746216360894,9150.639894457225,1.0596567931228273,-0.8504557627041565,8.759153412611525
jasmine,43.01597213745117,153.2841033935547,4853.5,343.6639939546585,0.516412602167182,0.2806290488388629,52.99527104385485,7642.069916409437,1.1518307209957057,-0.6495252299545653,8.700656035047126
jasmine,50.24864196777344,144.7578887939453,5286.5,356.2081505060196,0.5235647457595018,0.34712195919974725,57.81424809975657,8279.673728135773,1.0334405349780085,-0.9088484472839924,8.757576788966889
jasmine,48.31978225708008,137.27752685546875,4873.0,319.788885474205,0.5987969017492415,0.3519861070046306,52.698395669771294,7845.574953782491,1.201228266790667,-0.5216980609611963,8.69730721909014
jasmine,61.124610900878906,201.9636993408203,9487.5,469.28635823726654,0.5413595385537319,0.302651472023837,81.71024748646559,10463.902238376493,0.5257397752217058,-1.699678458022876,9.278439530069303
jasmine,47.75560760498047,145.86790466308594,4917.0,340.16652035713196,0.5339823929552093,0.32738941246384917,60.88577294806951,10117.3037432067,1.1376667649748247,-0.6859368984036021,8.680456985217736
jasmine,49.897544860839844,150.9318389892578,5624.5,350.0315248966217,0.5768720070684571,0.3305965473884617,62.50033349213911,9522.267055629614,1.0139370387691258,-0.9493236325290906,8.807834709150544
jasmine,46.34366989135742,153.7804412841797,5088.0,348.6173130273819,0.5260888097766261,0.30136257578892167,55.125597628609675,8282.444494885716,1.1530778391760093,-0.6454140789917209,8.738006477873585
jasmine,49.7302360534668,145.36375427246094,5481.0,357.78888499736786,0.5380417500689125,0.34210891361718326,59.77111833923276,8818.241834939883,1.0327128623899071,-0.9109133534397085,8.798507596837387
jasmine,46.29588317871094,157.51995849609375,5398.0,351.3624782562256,0.5494548117053976,0.2939048716157388,59.4610118628968,9285.523577219676,1.0997452725260406,-0.7725415167348211,8.776829305553663
jasmine,57.67700958251953,198.44981384277344,8459.5,451.86500465869904,0.5206395341268943,0.2906377610825854,89.77743929755398,12067.488590557758,0.47086664737717054,-1.7558349000777094,9.152824454853878
jasmine,45.784873962402344,158.51234436035156,5616.0,364.93607223033905,0.5299115386034885,0.2888410624873355,65.55157437567861,9990.333313827725,0.9546984783010981,-1.0688313857349445,8.799971952565256
jasmine,45.633827209472656,148.5431365966797,5029.0,337.9310222864151,0.5533951841175714,0.307209260925844,59.57765973000634,9673.54656655881,1.1479857254069943,-0.6581573424477436,8.714424944367869
jasmine,43.48221969604492,145.5451202392578,4840.0,333.33809328079224,0.5473754709789752,0.2987542256625687,55.4883617274168,8620.130015105287,1.1775766547616415,-0.5854206043733488,8.6802065749053
jasmine,45.685123443603516,156.93272399902344,5393.0,355.01933240890503,0.5376953470374595,0.2911127920260137,60.04161888379205,9233.349424214077,1.0717323377620087,-0.8296701530613655,8.774471841343459
jasmine,46.9487190246582,157.9884490966797,5548.5,357.1198379993439,0.546710610318385,0.29716551616965575,60.35038313241252,8678.398242934865,0.9905137416485842,-0.9983043537727663,8.801170531124262
jasmine,45.20962905883789,151.95486450195312,5211.5,347.60511898994446,0.5420012388988955,0.2975201169572087,56.954449929133474,8359.264627698252,1.0877809662522042,-0.7856969965092109,8.752077870200726
jasmine,46.05820083618164,147.16705322265625,5129.0,340.30865585803986,0.5565402410423717,0.31296543504542373,58.290909985727644,8896.5830715623,1.0945961921650036,-0.7840957013955809,8.729867497021402
jasmine,47.97779083251953,152.79559326171875,5450.5,359.2619730234146,0.5306689858513584,0.31399983342673954,58.846857422352656,8367.221399392976,1.0086398404215013,-0.9597609827223628,8.790841031027416
jasmine,45.12436294555664,155.9246826171875,5360.0,357.5046137571335,0.5270008938689744,0.2893984594879182,61.313828252716604,9624.627687421604,1.0697941674587808,-0.8334220148503069,8.76693645732262
jasmine,48.37017059326172,142.1005859375,5057.5,339.23758828639984,0.5522526663188013,0.3403938855997141,56.85280630046855,8455.278952098757,1.0955285939894395,-0.7805486546291154,8.719156324135517
jasmine,45.687355041503906,140.7056121826172,4881.0,328.3919166326523,0.5687661674108877,0.32470172534559455,56.40892605279065,8630.448435336662,1.144560516419769,-0.6651619078345523,8.687724242418154
jasmine,49.140625,136.46484375,5145.5,326.29141068458557,0.607331998603699,0.36009732360097324,57.734151229287846,8779.892128087204,1.1074116558463465,-0.7513438924497189,8.735409209753989
jasmine,44.72578430175781,153.84564208984375,4990.0,336.475177526474,0.5538655430664489,0.29071856501231647,54.574647213585266,8363.925461039142,1.185686384508728,-0.5698203286409207,8.716499672741536
jasmine,58.65850067138672,213.0108642578125,9468.5,486.2325359582901,0.5032722859600813,0.2753779760284472,97.38222045574987,12000.16935532395,0.2989612132395144,-1.8904850794215564,9.25879744937481
jasmine,43.789127349853516,155.86245727539062,5139.0,348.04877066612244,0.5330994978308765,0.2809472410182991,55.85400555225065,8023.895649729893,1.0865048639524797,-0.7840297580893623,8.739315379005017
jasmine,61.880008697509766,173.14422607421875,8149.5,427.06096255779266,0.5615146336915872,0.35738996385004906,78.52497816230606,10923.950969203173,0.6531681836704872,-1.553114429849963,9.134270780070638
jasmine,48.4846305847168,154.4813690185547,5444.0,342.6173117160797,0.58278635411273,0.313854226517719,65.77993323980456,10860.541430811661,1.0402188920493196,-0.901477029382574,8.769698870289147
jasmine,48.62542724609375,150.66299438476562,5582.0,347.01933348178864,0.5824952035088901,0.3227430029826258,61.174041436205115,9345.324026631075,1.0421996207707835,-0.8902474949121344,8.808821798520125
jasmine,60.11869812011719,195.76829528808594,8973.0,456.8771963119507,0.5401925217432105,0.3070910845479273,83.91423133854937,10457.941300958113,0.47109633123425154,-1.7462187555512474,9.21830255555657
jasmine,44.69145965576172,147.65875244140625,5040.5,344.29141068458557,0.5343565125776433,0.30266718983350566,47.29992467988953,5677.036783825611,1.0915664098802484,-0.7669427837721057,8.749339362361527
jasmine,48.19761276245117,166.7615509033203,6151.5,382.4335458278656,0.5285413042015524,0.2890211352759225,65.72484928409948,9431.919676409085,0.8909278354950545,-1.1807706857606646,8.889464066201823
jasmine,45.05929946899414,156.0614013671875,5236.0,356.391916513443,0.5180286886291153,0.2887280203448694,59.9187152076457,9135.21857628911,1.0677241001780131,-0.8337497366129281,8.749136501044708
jasmine,42.91046142578125,150.0027618408203,4906.0,339.48022878170013,0.5349441413381298,0.286064475741566,54.37071729112402,7975.640619180945,1.138851622747692,-0.6744896463068764,8.696762516360694
jasmine,60.90924072265625,204.57749938964844,9327.0,464.35742485523224,0.5435594525667585,0.29773186642899324,90.38454847382572,12853.391976970728,0.5196190231890835,-1.7154818995777863,9.249474543979575
jasmine,43.46977615356445,147.44898986816406,4854.0,338.99494767189026,0.5307905531639668,0.29481230215569,56.02320867538259,8464.787441493194,1.1312364250859575,-0.6994187174392144,8.682132929675445
jasmine,46.80606460571289,137.15476989746094,4832.5,321.8650047779083,0.5861843329121895,0.34126457753314626,57.66678285116765,9293.915555984666,1.1866212959696132,-0.5402185577089851,8.67706418518824
jasmine,63.84148406982422,195.97264099121094,9335.5,460.35028648376465,0.5535675344995215,0.3257673303116194,87.6160571123158,12729.356710940623,0.5721635394875636,-1.6588116141753233,9.253262186641539
jasmine,57.70382308959961,159.04347229003906,7118.5,381.7472548484802,0.6138277355522725,0.3628179280716925,73.90034409164163,11043.516354687996,0.7944325762352057,-1.3507186443374544,9.008567362989176
jasmine,47.418460845947266,146.8388671875,5353.0,353.4213533401489,0.5385444272563885,0.3229285389773415,56.247961005742965,7970.708458875174,1.0576284326206016,-0.858940075571351,8.778988561532632
jasmine,46.27900314331055,144.6839141845703,5197.0,341.9898945093155,0.5583879457797584,0.3198628085515669,55.99705541610349,8258.438251611335,1.1096912230075142,-0.7456815245534991,8.75008170680946
jasmine,42.5109748840332,160.52267456054688,5087.5,354.37467074394226,0.5090834056804886,0.2648284736122975,60.174276650966064,9918.321353112735,1.1531119793949367,-0.6425574055604248,8.723269557792305
jasmine,41.44472885131836,160.27728271484375,4969.0,353.98989498615265,0.49830716425381283,0.2585814293161837,53.047180043383946,7530.764240223748,1.1371546187904216,-0.6769022011450363,8.723206110264139
jasmine,50.22311782836914,130.08114624023438,4954.5,313.7228697538376,0.6325827409923708,0.3860906770887219,59.159666852876946,9259.166015307226,1.1088950376104707,-0.7455235659029062,8.691522121723679
jasmine,50.17560958862305,134.70013427734375,4915.5,319.5462443828583,0.6049369733758939,0.37249858626950505,54.174374452341546,8235.182912604017,1.1887933806567303,-0.5559423933500667,8.700595672208001
jasmine,56.88752746582031,184.2196044921875,7867.0,412.7005732059479,0.5804286886749159,0.3088027879694684,78.73417246696954,11588.394221314313,0.7113475456389367,-1.473997184490493,9.100474981209612
jasmine,45.234214782714844,158.58868408203125,5353.0,356.9360725879669,0.5279906428197501,0.2852297756586283,57.49038956180143,8724.623662491464,1.1075172412951173,-0.7528122101023169,8.776677315582305
jasmine,61.78212356567383,207.5941162109375,9780.0,491.64674961566925,0.5084431190326001,0.2976101861331016,91.01678637046935,10922.965560876863,0.34376406344138205,-1.8560093084428797,9.293670313365048
jasmine,5.192129135131836,18.696157455444336,15.0,45.79898953437805,0.08986474174925065,0.2777110295260101,55.89182328533073,7496.7997207908375,1.1366481856925836,-0.5680800520971059,8.83070198084186
jasmine,47.87326431274414,144.3373565673828,5216.5,339.68838024139404,0.5681037989076311,0.33167618869613197,61.99523740098168,10121.848546108045,1.0995805103414344,-0.7732943005947193,8.736573050162304
jasmine,46.68682861328125,165.45614624023438,5772.5,376.57568204402924,0.5115278254666334,0.2821704099495598,62.14416186595476,9247.101787727815,0.9959871802938772,-0.9845703695337122,8.837977583491638
jasmine,47.60914993286133,144.33889770507812,5296.5,334.6934325695038,0.5941614344592083,0.32984282608378507,59.090822323805696,8529.361319798994,1.0169804413806627,-0.9441770174666093,8.755695201472976
jasmine,48.70733642578125,145.9253692626953,5332.0,349.2792192697525,0.5492303267112376,0.33378251274525234,59.58830168310516,8890.85312582174,1.042776544708631,-0.8929965443092991,8.76132589932838
jasmine,47.508262634277344,159.93360900878906,5626.0,361.42135322093964,0.5412301437429619,0.2970499004475448,61.403081797235025,9037.245695187627,0.9975322129761418,-0.9803385975036005,8.813271969820779
jasmine,50.87517166137695,153.17115783691406,5976.5,355.0365779399872,0.595813844023008,0.3321458973075419,64.45583177753758,8926.2989482543,0.8714232827898865,-1.2171943627650355,8.857509518401702
jasmine,48.33107376098633,143.05764770507812,5085.0,337.13708317279816,0.5621960256485494,0.337843341731885,55.011392217783694,7937.627379217722,1.100664706773433,-0.769655865135729,8.729973828326802
jasmine,51.857666015625,141.19500732421875,5531.5,340.57568085193634,0.5992741074506808,0.3672769101286063,60.48152152545705,8720.896601734497,0.9924656475208798,-0.9864736955415179,8.793179463867093
jasmine,45.246456146240234,148.7597198486328,5111.5,340.97770369052887,0.5524669032625288,0.3041579816920856,56.880355699272435,8146.431117739283,1.059743068653408,-0.8485648443712299,8.733884264184727
jasmine,51.857666015625,141.19500732421875,5531.5,340.57568085193634,0.5992741074506808,0.3672769101286063,60.48152152545705,8720.896601734497,0.9924656475208798,-0.9864736955415179,8.793179463867093
jasmine,44.35976028442383,149.9657745361328,4875.0,331.7888865470886,0.5564944200821892,0.2957992276680155,55.62890934283452,8548.950227195266,1.166055900454475,-0.6177490365843763,8.692978099169068
jasmine,47.24876403808594,142.15081787109375,5007.5,332.40916097164154,0.5694883625201278,0.33238474984317296,51.62995349777598,6882.696921227115,1.087490708036266,-0.7978654077293439,8.719821092549866
jasmine,45.696563720703125,150.46192932128906,5178.0,347.7644990682602,0.5380237146742822,0.3037084791271346,61.17930512165105,10251.36319190567,1.1454223290413663,-0.670202977003771,8.736256584786995
jasmine,48.355690002441406,136.62306213378906,4848.5,312.066015124321,0.6256397204390152,0.35393504762094097,57.50526315789474,8729.890625656699,1.1047536691431508,-0.7608845305243532,8.673134669954898
jasmine,44.69525909423828,141.70333862304688,4839.0,328.7939372062683,0.5624939874412271,0.3154142981283926,57.431228484817346,8785.131259277958,1.1190066410210793,-0.7250832023623603,8.677401057328462
jasmine,43.79270935058594,154.63082885742188,5086.5,353.26197278499603,0.5121947622546108,0.2832081395034442,56.386669921875,8393.23432426214,1.1147680863547058,-0.7316923851637558,8.737399329260548
jasmine,56.23417282104492,193.9984588623047,8272.5,475.9726493358612,0.45886258187525314,0.2898691729348146,82.08492345484055,10690.28809002024,0.551839778618902,-1.6525404687432321,9.148380882677117
jasmine,52.38473892211914,146.08309936523438,5315.5,347.8305172920227,0.5521011111893498,0.3585954785306666,56.60877899175772,8279.390553559933,1.0873305710491459,-0.7924812669841579,8.769179612886772
jasmine,45.09675216674805,146.0150604248047,4917.5,336.29141116142273,0.5464150860670797,0.3088500051675979,54.169143978415505,8078.212940473999,1.165495846000835,-0.616431247178058,8.706747374594599
jasmine,40.128822326660156,171.4330291748047,5179.5,381.46298384666443,0.44729382051558497,0.23407871003517122,54.48702557073309,7904.804919814678,1.133536782625047,-0.6723747264614266,8.76583024431571
jasmine,56.83562088012695,200.1617889404297,8446.5,460.0315251350403,0.5015467980701102,0.28394840584204534,81.99133919338159,10649.202742984226,0.5380195336193649,-1.6836581765589111,9.163749929149077
jasmine,53.53722381591797,147.98016357421875,5845.5,346.89444231987,0.6104313715241751,0.3617864889645606,63.13254198886864,8794.535011057873,0.8986808118077917,-1.1710921754701373,8.837578509949758
jasmine,58.7526741027832,189.79751586914062,8583.0,457.16146755218506,0.5160713387521643,0.30955449460830303,83.38822298740357,10508.044505855869,0.48611190294275064,-1.7403848706433704,9.178357082686839
jasmine,45.56732177734375,142.09085083007812,4870.0,331.7644993066788,0.5560053889006795,0.32069145558031914,54.87542206319609,8097.994458667554,1.1356961593723471,-0.684872097530175,8.693888721212826
jasmine,42.596561431884766,155.66143798828125,5066.0,351.6223638057709,0.5148990269673651,0.2736487725051826,58.22861998300595,8790.499139910917,1.08735129459852,-0.7939732981009406,8.72189775520221
jasmine,53.10531997680664,137.07217407226562,5348.0,343.1370829343796,0.5707763274294261,0.38742596983111294,59.59390589846425,8921.275516026359,1.0476315602783843,-0.8767678906329359,8.76171040773227
jasmine,45.50078201293945,147.11453247070312,5132.0,342.04877030849457,0.551214260673022,0.3092881529022337,59.183021582733815,9512.434416769318,1.1393422205836665,-0.6812733175593024,8.731224576233764
jasmine,44.33795166015625,150.31097412109375,4962.0,339.7888835668564,0.5400678080126345,0.29497481417715143,54.381733253826276,7897.458235198973,1.1302540907000893,-0.6973050891472141,8.714072002688518
jasmine,45.54458999633789,158.60760498046875,5402.5,362.3502858877182,0.5170677163118651,0.2871526242511911,61.08623975605108,9525.153797695903,1.0704681427652272,-0.82369177576048,8.778250246287488
jasmine,55.90546417236328,202.87051391601562,8697.5,467.119837641716,0.500896132971477,0.2755721523705857,81.13847568777992,11226.076673812106,0.6169525743302501,-1.5870943731657767,9.195776281387026
jasmine,44.26993942260742,141.57855224609375,4817.0,333.5046144723892,0.5442304231077296,0.31268817713050784,59.17654190028792,9642.328533922237,1.159312976363299,-0.6277878961981509,8.670710456067656
jasmine,45.56169128417969,140.27264404296875,4887.5,333.6051186323166,0.5518629311273511,0.32480810207172744,60.196916679344795,9746.288978778544,1.1293150103802225,-0.7013387770184956,8.681755849058865
jasmine,45.38182067871094,172.10382080078125,5743.5,374.91882717609406,0.5134663528939512,0.2636886297326464,63.15861903620235,9349.273329572197,0.9704661035657726,-1.034038374291316,8.827077637489248
jasmine,55.682464599609375,186.92922973632812,7862.0,426.45079123973846,0.5432566540107919,0.29787992321025414,82.22457665083773,11329.905976043787,0.5864293459844618,-1.6395933152887894,9.088833083984122
jasmine,52.52629852294922,140.72291564941406,5336.0,338.9949470758438,0.5834978165724861,0.3732604478847573,57.4012843416542,8432.104385391169,1.0670235217890955,-0.8430130003292229,8.763383221869276
jasmine,65.17982482910156,182.46580505371094,8992.5,438.71781718730927,0.5871103897373988,0.3572166566218537,90.85935430463576,12786.198347927448,0.5032451802005363,-1.7319662267814928,9.212578968053455
jasmine,46.17033004760742,141.80923461914062,5011.5,339.11983835697174,0.547609792392458,0.3255805601913573,58.04450196625019,8940.861278074677,1.114832335234259,-0.7362308074400494,8.711433401856619
jasmine,44.33087158203125,146.18890380859375,4993.5,339.72286915779114,0.5437075348758129,0.30324375124991704,53.647994999519184,7964.45052271331,1.1657006468345088,-0.622071365119147,8.721090746067476
jasmine,47.6752815246582,148.8158416748047,5290.0,346.16652047634125,0.5547475725963118,0.3203642904418682,62.69595536959554,9787.13818049293,1.0315593727436418,-0.9197367971591173,8.74700195982317
jasmine,49.22488784790039,147.34849548339844,5350.0,359.4457378387451,0.5203516900699854,0.33407119418770376,56.554577124056514,8044.973942181346,1.0576706576947885,-0.8575455899704161,8.777892294691695
jasmine,47.02439880371094,136.9521026611328,4823.5,320.2325350046158,0.5910731618093653,0.34336383224480804,54.776020025031286,8215.8098580021,1.1598525978958083,-0.6289409253242577,8.689837115440048
jasmine,42.58586883544922,156.19482421875,4944.0,343.9066343307495,0.5252997792261154,0.2726458386086337,54.00297456744832,7864.6185028767,1.1392193580646102,-0.6785821695350234,8.709342546258481
jasmine,45.307159423828125,147.44065856933594,4953.5,367.2030979394913,0.4616462991586485,0.307290810170397,51.69543419003115,7245.376719807585,1.152612755367626,-0.6442775117744661,8.727769043498114
jasmine,46.139156341552734,153.32095336914062,5111.5,337.20309948921204,0.5649046028023935,0.3009318382626187,54.75098231827112,7824.693884103814,1.103756777403671,-0.7551418369264535,8.740614866766885
jasmine,57.05241012573242,231.92660522460938,9708.0,498.3086566925049,0.49129547929815837,0.2459933825637641,102.3871923328251,13153.347446506028,0.2823296421140883,-1.9023388456998842,9.272946347424607
jasmine,46.841129302978516,156.21824645996094,5343.0,344.79393768310547,0.564775431006568,0.29984416266626057,55.42932750667638,7714.310652400387,1.0534694327690655,-0.8683083122606092,8.77547026365438
jasmine,45.63525390625,156.5435333251953,5394.0,360.1320297718048,0.5226335778173273,0.2915179754595785,62.853004187360014,9850.611511327375,1.0409416351817924,-0.8933378436032768,8.77126796015233
jasmine,43.07524108886719,152.82589721679688,4843.5,331.20309722423553,0.5548561310662476,0.2818582574899671,57.625627398878066,9425.323972702032,1.1977353220403444,-0.5355656114185878,8.678271545541293
